{"cameraMode":{"drawMode":0,"name":"Shaded","section":"Shading Mode"},"sceneLighting":true,"audioPlay":false,"sceneViewState":{"showFog":true,"showMaterialUpdate":false,"showSkybox":true,"showFlares":true,"showImageEffects":true,"showParticleSystems":true},"in2DMode":false,"pivot":{"x":122.78938293457031,"y":98.41445922851563,"z":245.88519287109376},"rotation":{"x":0.13261808454990388,"y":-0.7636061906814575,"z":0.6097752451896668,"w":0.16639576852321626},"size":12.161707878112793,"orthographic":false}