{"cameraMode":{"drawMode":0,"name":"Shaded","section":"Shading Mode"},"sceneLighting":true,"audioPlay":false,"sceneViewState":{"m_AlwaysRefresh":false,"showFog":true,"showSkybox":true,"showFlares":true,"showImageEffects":true,"showParticleSystems":true,"showVisualEffectGraphs":true,"m_FxEnabled":false},"in2DMode":false,"pivot":{"x":-5.6664323806762699,"y":-14.514102935791016,"z":-7.33007287979126},"rotation":{"x":-0.024365320801734926,"y":0.7550336718559265,"z":-0.6546515822410584,"w":-0.028096912428736688},"size":26.282072067260743,"orthographic":false}