{"cameraMode":{"drawMode":0,"name":"Shaded","section":"Shading Mode"},"sceneLighting":false,"audioPlay":false,"sceneViewState":{"showFog":true,"showMaterialUpdate":false,"showSkybox":false,"showFlares":true,"showImageEffects":true,"showParticleSystems":true},"in2DMode":false,"pivot":{"x":-7.2169904708862309,"y":1.577231526374817,"z":-4.814669609069824},"rotation":{"x":0.21166138350963593,"y":-0.11581647396087647,"z":0.025272810831665994,"w":0.9701400399208069},"size":3.0348329544067385,"orthographic":false}