{"cameraMode":{"drawMode":0,"name":"Shaded","section":"Shading Mode"},"sceneLighting":true,"audioPlay":false,"sceneViewState":{"showFog":true,"showMaterialUpdate":false,"showSkybox":true,"showFlares":true,"showImageEffects":true,"showParticleSystems":true},"in2DMode":false,"pivot":{"x":-3.7545337677001955,"y":-1.1255698204040528,"z":-3.286372184753418},"rotation":{"x":-0.053784824907779697,"y":0.9191061854362488,"z":-0.1349719762802124,"w":-0.3662489950656891},"size":26.95304298400879,"orthographic":false}